[
    {
        "inputs": [
            {
                "internalType": "address",
                "name": "underlying_",
                "type": "address"
            },
            {
                "internalType": "contract ComptrollerInterface",
                "name": "comptroller_",
                "type": "address"
            },
            {
                "internalType": "contract InterestRateModel",
                "name": "interestRateModel_",
                "type": "address"
            },
            {
                "internalType": "uint256",
                "name": "initialExchangeRateMantissa_",
                "type": "uint256"
            },
            {
                "internalType": "string",
                "name": "name_",
                "type": "string"
            },
            {
                "internalType": "string",
                "name": "symbol_",
                "type": "string"
            },
            {
                "internalType": "uint8",
                "name": "decimals_",
                "type": "uint8"
            },
            {
                "internalType": "address payable",
                "name": "admin_",
                "type": "address"
            },
            {
                "internalType": "address",
                "name": "implementation_",
                "type": "address"
            },
            {
                "internalType": "bytes",
                "name": "becomeImplementationData",
                "type": "bytes"
            }
        ],
        "payable": false,
        "stateMutability": "nonpayable",
        "type": "constructor",
        "signature": "constructor"
    },
    {
        "anonymous": false,
        "inputs": [
            {
                "indexed": false,
                "internalType": "uint256",
                "name": "cashPrior",
                "type": "uint256"
            },
            {
                "indexed": false,
                "internalType": "uint256",
                "name": "interestAccumulated",
                "type": "uint256"
            },
            {
                "indexed": false,
                "internalType": "uint256",
                "name": "borrowIndex",
                "type": "uint256"
            },
            {
                "indexed": false,
                "internalType": "uint256",
                "name": "totalBorrows",
                "type": "uint256"
            }
        ],
        "name": "AccrueInterest",
        "type": "event",
        "signature": "0x4dec04e750ca11537cabcd8a9eab06494de08da3735bc8871cd41250e190bc04"
    },
    {
        "anonymous": false,
        "inputs": [
            {
                "indexed": true,
                "internalType": "address",
                "name": "owner",
                "type": "address"
            },
            {
                "indexed": true,
                "internalType": "address",
                "name": "spender",
                "type": "address"
            },
            {
                "indexed": false,
                "internalType": "uint256",
                "name": "amount",
                "type": "uint256"
            }
        ],
        "name": "Approval",
        "type": "event",
        "signature": "0x8c5be1e5ebec7d5bd14f71427d1e84f3dd0314c0f7b2291e5b200ac8c7c3b925"
    },
    {
        "anonymous": false,
        "inputs": [
            {
                "indexed": false,
                "internalType": "address",
                "name": "borrower",
                "type": "address"
            },
            {
                "indexed": false,
                "internalType": "uint256",
                "name": "borrowAmount",
                "type": "uint256"
            },
            {
                "indexed": false,
                "internalType": "uint256",
                "name": "accountBorrows",
                "type": "uint256"
            },
            {
                "indexed": false,
                "internalType": "uint256",
                "name": "totalBorrows",
                "type": "uint256"
            }
        ],
        "name": "Borrow",
        "type": "event",
        "signature": "0x13ed6866d4e1ee6da46f845c46d7e54120883d75c5ea9a2dacc1c4ca8984ab80"
    },
    {
        "anonymous": false,
        "inputs": [
            {
                "indexed": false,
                "internalType": "uint256",
                "name": "error",
                "type": "uint256"
            },
            {
                "indexed": false,
                "internalType": "uint256",
                "name": "info",
                "type": "uint256"
            },
            {
                "indexed": false,
                "internalType": "uint256",
                "name": "detail",
                "type": "uint256"
            }
        ],
        "name": "Failure",
        "type": "event",
        "signature": "0x45b96fe442630264581b197e84bbada861235052c5a1aadfff9ea4e40a969aa0"
    },
    {
        "anonymous": false,
        "inputs": [
            {
                "indexed": false,
                "internalType": "address",
                "name": "liquidator",
                "type": "address"
            },
            {
                "indexed": false,
                "internalType": "address",
                "name": "borrower",
                "type": "address"
            },
            {
                "indexed": false,
                "internalType": "uint256",
                "name": "repayAmount",
                "type": "uint256"
            },
            {
                "indexed": false,
                "internalType": "address",
                "name": "cTokenCollateral",
                "type": "address"
            },
            {
                "indexed": false,
                "internalType": "uint256",
                "name": "seizeTokens",
                "type": "uint256"
            }
        ],
        "name": "LiquidateBorrow",
        "type": "event",
        "signature": "0x298637f684da70674f26509b10f07ec2fbc77a335ab1e7d6215a4b2484d8bb52"
    },
    {
        "anonymous": false,
        "inputs": [
            {
                "indexed": false,
                "internalType": "address",
                "name": "minter",
                "type": "address"
            },
            {
                "indexed": false,
                "internalType": "uint256",
                "name": "mintAmount",
                "type": "uint256"
            },
            {
                "indexed": false,
                "internalType": "uint256",
                "name": "mintTokens",
                "type": "uint256"
            }
        ],
        "name": "Mint",
        "type": "event",
        "signature": "0x4c209b5fc8ad50758f13e2e1088ba56a560dff690a1c6fef26394f4c03821c4f"
    },
    {
        "anonymous": false,
        "inputs": [
            {
                "indexed": false,
                "internalType": "address",
                "name": "oldAdmin",
                "type": "address"
            },
            {
                "indexed": false,
                "internalType": "address",
                "name": "newAdmin",
                "type": "address"
            }
        ],
        "name": "NewAdmin",
        "type": "event",
        "signature": "0xf9ffabca9c8276e99321725bcb43fb076a6c66a54b7f21c4e8146d8519b417dc"
    },
    {
        "anonymous": false,
        "inputs": [
            {
                "indexed": false,
                "internalType": "contract ComptrollerInterface",
                "name": "oldComptroller",
                "type": "address"
            },
            {
                "indexed": false,
                "internalType": "contract ComptrollerInterface",
                "name": "newComptroller",
                "type": "address"
            }
        ],
        "name": "NewComptroller",
        "type": "event",
        "signature": "0x7ac369dbd14fa5ea3f473ed67cc9d598964a77501540ba6751eb0b3decf5870d"
    },
    {
        "anonymous": false,
        "inputs": [
            {
                "indexed": false,
                "internalType": "address",
                "name": "oldImplementation",
                "type": "address"
            },
            {
                "indexed": false,
                "internalType": "address",
                "name": "newImplementation",
                "type": "address"
            }
        ],
        "name": "NewImplementation",
        "type": "event",
        "signature": "0xd604de94d45953f9138079ec1b82d533cb2160c906d1076d1f7ed54befbca97a"
    },
    {
        "anonymous": false,
        "inputs": [
            {
                "indexed": false,
                "internalType": "contract InterestRateModel",
                "name": "oldInterestRateModel",
                "type": "address"
            },
            {
                "indexed": false,
                "internalType": "contract InterestRateModel",
                "name": "newInterestRateModel",
                "type": "address"
            }
        ],
        "name": "NewMarketInterestRateModel",
        "type": "event",
        "signature": "0xedffc32e068c7c95dfd4bdfd5c4d939a084d6b11c4199eac8436ed234d72f926"
    },
    {
        "anonymous": false,
        "inputs": [
            {
                "indexed": false,
                "internalType": "address",
                "name": "oldPendingAdmin",
                "type": "address"
            },
            {
                "indexed": false,
                "internalType": "address",
                "name": "newPendingAdmin",
                "type": "address"
            }
        ],
        "name": "NewPendingAdmin",
        "type": "event",
        "signature": "0xca4f2f25d0898edd99413412fb94012f9e54ec8142f9b093e7720646a95b16a9"
    },
    {
        "anonymous": false,
        "inputs": [
            {
                "indexed": false,
                "internalType": "uint256",
                "name": "oldReserveFactorMantissa",
                "type": "uint256"
            },
            {
                "indexed": false,
                "internalType": "uint256",
                "name": "newReserveFactorMantissa",
                "type": "uint256"
            }
        ],
        "name": "NewReserveFactor",
        "type": "event",
        "signature": "0xaaa68312e2ea9d50e16af5068410ab56e1a1fd06037b1a35664812c30f821460"
    },
    {
        "anonymous": false,
        "inputs": [
            {
                "indexed": false,
                "internalType": "address",
                "name": "redeemer",
                "type": "address"
            },
            {
                "indexed": false,
                "internalType": "uint256",
                "name": "redeemAmount",
                "type": "uint256"
            },
            {
                "indexed": false,
                "internalType": "uint256",
                "name": "redeemTokens",
                "type": "uint256"
            }
        ],
        "name": "Redeem",
        "type": "event",
        "signature": "0xe5b754fb1abb7f01b499791d0b820ae3b6af3424ac1c59768edb53f4ec31a929"
    },
    {
        "anonymous": false,
        "inputs": [
            {
                "indexed": false,
                "internalType": "address",
                "name": "payer",
                "type": "address"
            },
            {
                "indexed": false,
                "internalType": "address",
                "name": "borrower",
                "type": "address"
            },
            {
                "indexed": false,
                "internalType": "uint256",
                "name": "repayAmount",
                "type": "uint256"
            },
            {
                "indexed": false,
                "internalType": "uint256",
                "name": "accountBorrows",
                "type": "uint256"
            },
            {
                "indexed": false,
                "internalType": "uint256",
                "name": "totalBorrows",
                "type": "uint256"
            }
        ],
        "name": "RepayBorrow",
        "type": "event",
        "signature": "0x1a2a22cb034d26d1854bdc6666a5b91fe25efbbb5dcad3b0355478d6f5c362a1"
    },
    {
        "anonymous": false,
        "inputs": [
            {
                "indexed": false,
                "internalType": "address",
                "name": "benefactor",
                "type": "address"
            },
            {
                "indexed": false,
                "internalType": "uint256",
                "name": "addAmount",
                "type": "uint256"
            },
            {
                "indexed": false,
                "internalType": "uint256",
                "name": "newTotalReserves",
                "type": "uint256"
            }
        ],
        "name": "ReservesAdded",
        "type": "event",
        "signature": "0xa91e67c5ea634cd43a12c5a482724b03de01e85ca68702a53d0c2f45cb7c1dc5"
    },
    {
        "anonymous": false,
        "inputs": [
            {
                "indexed": false,
                "internalType": "address",
                "name": "admin",
                "type": "address"
            },
            {
                "indexed": false,
                "internalType": "uint256",
                "name": "reduceAmount",
                "type": "uint256"
            },
            {
                "indexed": false,
                "internalType": "uint256",
                "name": "newTotalReserves",
                "type": "uint256"
            }
        ],
        "name": "ReservesReduced",
        "type": "event",
        "signature": "0x3bad0c59cf2f06e7314077049f48a93578cd16f5ef92329f1dab1420a99c177e"
    },
    {
        "anonymous": false,
        "inputs": [
            {
                "indexed": true,
                "internalType": "address",
                "name": "from",
                "type": "address"
            },
            {
                "indexed": true,
                "internalType": "address",
                "name": "to",
                "type": "address"
            },
            {
                "indexed": false,
                "internalType": "uint256",
                "name": "amount",
                "type": "uint256"
            }
        ],
        "name": "Transfer",
        "type": "event",
        "signature": "0xddf252ad1be2c89b69c2b068fc378daa952ba7f163c4a11628f55a4df523b3ef"
    },
    {
        "payable": true,
        "stateMutability": "payable",
        "type": "fallback"
    },
    {
        "constant": false,
        "inputs": [],
        "name": "_acceptAdmin",
        "outputs": [
            {
                "internalType": "uint256",
                "name": "",
                "type": "uint256"
            }
        ],
        "payable": false,
        "stateMutability": "nonpayable",
        "type": "function",
        "signature": "0xe9c714f2"
    },
    {
        "constant": false,
        "inputs": [
            {
                "internalType": "uint256",
                "name": "addAmount",
                "type": "uint256"
            }
        ],
        "name": "_addReserves",
        "outputs": [
            {
                "internalType": "uint256",
                "name": "",
                "type": "uint256"
            }
        ],
        "payable": false,
        "stateMutability": "nonpayable",
        "type": "function",
        "signature": "0x3e941010"
    },
    {
        "constant": false,
        "inputs": [
            {
                "internalType": "uint256",
                "name": "reduceAmount",
                "type": "uint256"
            }
        ],
        "name": "_reduceReserves",
        "outputs": [
            {
                "internalType": "uint256",
                "name": "",
                "type": "uint256"
            }
        ],
        "payable": false,
        "stateMutability": "nonpayable",
        "type": "function",
        "signature": "0x601a0bf1"
    },
    {
        "constant": false,
        "inputs": [
            {
                "internalType": "contract ComptrollerInterface",
                "name": "newComptroller",
                "type": "address"
            }
        ],
        "name": "_setComptroller",
        "outputs": [
            {
                "internalType": "uint256",
                "name": "",
                "type": "uint256"
            }
        ],
        "payable": false,
        "stateMutability": "nonpayable",
        "type": "function",
        "signature": "0x4576b5db"
    },
    {
        "constant": false,
        "inputs": [
            {
                "internalType": "address",
                "name": "implementation_",
                "type": "address"
            },
            {
                "internalType": "bool",
                "name": "allowResign",
                "type": "bool"
            },
            {
                "internalType": "bytes",
                "name": "becomeImplementationData",
                "type": "bytes"
            }
        ],
        "name": "_setImplementation",
        "outputs": [],
        "payable": false,
        "stateMutability": "nonpayable",
        "type": "function",
        "signature": "0x555bcc40"
    },
    {
        "constant": false,
        "inputs": [
            {
                "internalType": "contract InterestRateModel",
                "name": "newInterestRateModel",
                "type": "address"
            }
        ],
        "name": "_setInterestRateModel",
        "outputs": [
            {
                "internalType": "uint256",
                "name": "",
                "type": "uint256"
            }
        ],
        "payable": false,
        "stateMutability": "nonpayable",
        "type": "function",
        "signature": "0xf2b3abbd"
    },
    {
        "constant": false,
        "inputs": [
            {
                "internalType": "address payable",
                "name": "newPendingAdmin",
                "type": "address"
            }
        ],
        "name": "_setPendingAdmin",
        "outputs": [
            {
                "internalType": "uint256",
                "name": "",
                "type": "uint256"
            }
        ],
        "payable": false,
        "stateMutability": "nonpayable",
        "type": "function",
        "signature": "0xb71d1a0c"
    },
    {
        "constant": false,
        "inputs": [
            {
                "internalType": "uint256",
                "name": "newReserveFactorMantissa",
                "type": "uint256"
            }
        ],
        "name": "_setReserveFactor",
        "outputs": [
            {
                "internalType": "uint256",
                "name": "",
                "type": "uint256"
            }
        ],
        "payable": false,
        "stateMutability": "nonpayable",
        "type": "function",
        "signature": "0xfca7820b"
    },
    {
        "constant": true,
        "inputs": [],
        "name": "accrualBlockNumber",
        "outputs": [
            {
                "internalType": "uint256",
                "name": "",
                "type": "uint256"
            }
        ],
        "payable": false,
        "stateMutability": "view",
        "type": "function",
        "signature": "0x6c540baf"
    },
    {
        "constant": false,
        "inputs": [],
        "name": "accrueInterest",
        "outputs": [
            {
                "internalType": "uint256",
                "name": "",
                "type": "uint256"
            }
        ],
        "payable": false,
        "stateMutability": "nonpayable",
        "type": "function",
        "signature": "0xa6afed95"
    },
    {
        "constant": true,
        "inputs": [],
        "name": "admin",
        "outputs": [
            {
                "internalType": "address payable",
                "name": "",
                "type": "address"
            }
        ],
        "payable": false,
        "stateMutability": "view",
        "type": "function",
        "signature": "0xf851a440"
    },
    {
        "constant": true,
        "inputs": [
            {
                "internalType": "address",
                "name": "owner",
                "type": "address"
            },
            {
                "internalType": "address",
                "name": "spender",
                "type": "address"
            }
        ],
        "name": "allowance",
        "outputs": [
            {
                "internalType": "uint256",
                "name": "",
                "type": "uint256"
            }
        ],
        "payable": false,
        "stateMutability": "view",
        "type": "function",
        "signature": "0xdd62ed3e"
    },
    {
        "constant": false,
        "inputs": [
            {
                "internalType": "address",
                "name": "spender",
                "type": "address"
            },
            {
                "internalType": "uint256",
                "name": "amount",
                "type": "uint256"
            }
        ],
        "name": "approve",
        "outputs": [
            {
                "internalType": "bool",
                "name": "",
                "type": "bool"
            }
        ],
        "payable": false,
        "stateMutability": "nonpayable",
        "type": "function",
        "signature": "0x095ea7b3"
    },
    {
        "constant": true,
        "inputs": [
            {
                "internalType": "address",
                "name": "owner",
                "type": "address"
            }
        ],
        "name": "balanceOf",
        "outputs": [
            {
                "internalType": "uint256",
                "name": "",
                "type": "uint256"
            }
        ],
        "payable": false,
        "stateMutability": "view",
        "type": "function",
        "signature": "0x70a08231"
    },
    {
        "constant": false,
        "inputs": [
            {
                "internalType": "address",
                "name": "owner",
                "type": "address"
            }
        ],
        "name": "balanceOfUnderlying",
        "outputs": [
            {
                "internalType": "uint256",
                "name": "",
                "type": "uint256"
            }
        ],
        "payable": false,
        "stateMutability": "nonpayable",
        "type": "function",
        "signature": "0x3af9e669"
    },
    {
        "constant": false,
        "inputs": [
            {
                "internalType": "uint256",
                "name": "borrowAmount",
                "type": "uint256"
            }
        ],
        "name": "borrow",
        "outputs": [
            {
                "internalType": "uint256",
                "name": "",
                "type": "uint256"
            }
        ],
        "payable": false,
        "stateMutability": "nonpayable",
        "type": "function",
        "signature": "0xc5ebeaec"
    },
    {
        "constant": false,
        "inputs": [
            {
                "internalType": "address",
                "name": "account",
                "type": "address"
            }
        ],
        "name": "borrowBalanceCurrent",
        "outputs": [
            {
                "internalType": "uint256",
                "name": "",
                "type": "uint256"
            }
        ],
        "payable": false,
        "stateMutability": "nonpayable",
        "type": "function",
        "signature": "0x17bfdfbc"
    },
    {
        "constant": true,
        "inputs": [
            {
                "internalType": "address",
                "name": "account",
                "type": "address"
            }
        ],
        "name": "borrowBalanceStored",
        "outputs": [
            {
                "internalType": "uint256",
                "name": "",
                "type": "uint256"
            }
        ],
        "payable": false,
        "stateMutability": "view",
        "type": "function",
        "signature": "0x95dd9193"
    },
    {
        "constant": true,
        "inputs": [],
        "name": "borrowIndex",
        "outputs": [
            {
                "internalType": "uint256",
                "name": "",
                "type": "uint256"
            }
        ],
        "payable": false,
        "stateMutability": "view",
        "type": "function",
        "signature": "0xaa5af0fd"
    },
    {
        "constant": true,
        "inputs": [],
        "name": "borrowRatePerBlock",
        "outputs": [
            {
                "internalType": "uint256",
                "name": "",
                "type": "uint256"
            }
        ],
        "payable": false,
        "stateMutability": "view",
        "type": "function",
        "signature": "0xf8f9da28"
    },
    {
        "constant": true,
        "inputs": [],
        "name": "comptroller",
        "outputs": [
            {
                "internalType": "contract ComptrollerInterface",
                "name": "",
                "type": "address"
            }
        ],
        "payable": false,
        "stateMutability": "view",
        "type": "function",
        "signature": "0x5fe3b567"
    },
    {
        "constant": true,
        "inputs": [],
        "name": "decimals",
        "outputs": [
            {
                "internalType": "uint8",
                "name": "",
                "type": "uint8"
            }
        ],
        "payable": false,
        "stateMutability": "view",
        "type": "function",
        "signature": "0x313ce567"
    },
    {
        "constant": false,
        "inputs": [
            {
                "internalType": "bytes",
                "name": "data",
                "type": "bytes"
            }
        ],
        "name": "delegateToImplementation",
        "outputs": [
            {
                "internalType": "bytes",
                "name": "",
                "type": "bytes"
            }
        ],
        "payable": false,
        "stateMutability": "nonpayable",
        "type": "function",
        "signature": "0x0933c1ed"
    },
    {
        "constant": true,
        "inputs": [
            {
                "internalType": "bytes",
                "name": "data",
                "type": "bytes"
            }
        ],
        "name": "delegateToViewImplementation",
        "outputs": [
            {
                "internalType": "bytes",
                "name": "",
                "type": "bytes"
            }
        ],
        "payable": false,
        "stateMutability": "view",
        "type": "function",
        "signature": "0x4487152f"
    },
    {
        "constant": false,
        "inputs": [],
        "name": "exchangeRateCurrent",
        "outputs": [
            {
                "internalType": "uint256",
                "name": "",
                "type": "uint256"
            }
        ],
        "payable": false,
        "stateMutability": "nonpayable",
        "type": "function",
        "signature": "0xbd6d894d"
    },
    {
        "constant": true,
        "inputs": [],
        "name": "exchangeRateStored",
        "outputs": [
            {
                "internalType": "uint256",
                "name": "",
                "type": "uint256"
            }
        ],
        "payable": false,
        "stateMutability": "view",
        "type": "function",
        "signature": "0x182df0f5"
    },
    {
        "constant": true,
        "inputs": [
            {
                "internalType": "address",
                "name": "account",
                "type": "address"
            }
        ],
        "name": "getAccountSnapshot",
        "outputs": [
            {
                "internalType": "uint256",
                "name": "",
                "type": "uint256"
            },
            {
                "internalType": "uint256",
                "name": "",
                "type": "uint256"
            },
            {
                "internalType": "uint256",
                "name": "",
                "type": "uint256"
            },
            {
                "internalType": "uint256",
                "name": "",
                "type": "uint256"
            }
        ],
        "payable": false,
        "stateMutability": "view",
        "type": "function",
        "signature": "0xc37f68e2"
    },
    {
        "constant": true,
        "inputs": [],
        "name": "getCash",
        "outputs": [
            {
                "internalType": "uint256",
                "name": "",
                "type": "uint256"
            }
        ],
        "payable": false,
        "stateMutability": "view",
        "type": "function",
        "signature": "0x3b1d21a2"
    },
    {
        "constant": true,
        "inputs": [],
        "name": "implementation",
        "outputs": [
            {
                "internalType": "address",
                "name": "",
                "type": "address"
            }
        ],
        "payable": false,
        "stateMutability": "view",
        "type": "function",
        "signature": "0x5c60da1b"
    },
    {
        "constant": true,
        "inputs": [],
        "name": "interestRateModel",
        "outputs": [
            {
                "internalType": "contract InterestRateModel",
                "name": "",
                "type": "address"
            }
        ],
        "payable": false,
        "stateMutability": "view",
        "type": "function",
        "signature": "0xf3fdb15a"
    },
    {
        "constant": true,
        "inputs": [],
        "name": "isCToken",
        "outputs": [
            {
                "internalType": "bool",
                "name": "",
                "type": "bool"
            }
        ],
        "payable": false,
        "stateMutability": "view",
        "type": "function",
        "signature": "0xfe9c44ae"
    },
    {
        "constant": false,
        "inputs": [
            {
                "internalType": "address",
                "name": "borrower",
                "type": "address"
            },
            {
                "internalType": "uint256",
                "name": "repayAmount",
                "type": "uint256"
            },
            {
                "internalType": "contract CTokenInterface",
                "name": "cTokenCollateral",
                "type": "address"
            }
        ],
        "name": "liquidateBorrow",
        "outputs": [
            {
                "internalType": "uint256",
                "name": "",
                "type": "uint256"
            }
        ],
        "payable": false,
        "stateMutability": "nonpayable",
        "type": "function",
        "signature": "0xf5e3c462"
    },
    {
        "constant": false,
        "inputs": [
            {
                "internalType": "uint256",
                "name": "mintAmount",
                "type": "uint256"
            }
        ],
        "name": "mint",
        "outputs": [
            {
                "internalType": "uint256",
                "name": "",
                "type": "uint256"
            }
        ],
        "payable": false,
        "stateMutability": "nonpayable",
        "type": "function",
        "signature": "0xa0712d68"
    },
    {
        "constant": true,
        "inputs": [],
        "name": "name",
        "outputs": [
            {
                "internalType": "string",
                "name": "",
                "type": "string"
            }
        ],
        "payable": false,
        "stateMutability": "view",
        "type": "function",
        "signature": "0x06fdde03"
    },
    {
        "constant": true,
        "inputs": [],
        "name": "pendingAdmin",
        "outputs": [
            {
                "internalType": "address payable",
                "name": "",
                "type": "address"
            }
        ],
        "payable": false,
        "stateMutability": "view",
        "type": "function",
        "signature": "0x26782247"
    },
    {
        "constant": false,
        "inputs": [
            {
                "internalType": "uint256",
                "name": "redeemTokens",
                "type": "uint256"
            }
        ],
        "name": "redeem",
        "outputs": [
            {
                "internalType": "uint256",
                "name": "",
                "type": "uint256"
            }
        ],
        "payable": false,
        "stateMutability": "nonpayable",
        "type": "function",
        "signature": "0xdb006a75"
    },
    {
        "constant": false,
        "inputs": [
            {
                "internalType": "uint256",
                "name": "redeemAmount",
                "type": "uint256"
            }
        ],
        "name": "redeemUnderlying",
        "outputs": [
            {
                "internalType": "uint256",
                "name": "",
                "type": "uint256"
            }
        ],
        "payable": false,
        "stateMutability": "nonpayable",
        "type": "function",
        "signature": "0x852a12e3"
    },
    {
        "constant": false,
        "inputs": [
            {
                "internalType": "uint256",
                "name": "repayAmount",
                "type": "uint256"
            }
        ],
        "name": "repayBorrow",
        "outputs": [
            {
                "internalType": "uint256",
                "name": "",
                "type": "uint256"
            }
        ],
        "payable": false,
        "stateMutability": "nonpayable",
        "type": "function",
        "signature": "0x0e752702"
    },
    {
        "constant": false,
        "inputs": [
            {
                "internalType": "address",
                "name": "borrower",
                "type": "address"
            },
            {
                "internalType": "uint256",
                "name": "repayAmount",
                "type": "uint256"
            }
        ],
        "name": "repayBorrowBehalf",
        "outputs": [
            {
                "internalType": "uint256",
                "name": "",
                "type": "uint256"
            }
        ],
        "payable": false,
        "stateMutability": "nonpayable",
        "type": "function",
        "signature": "0x2608f818"
    },
    {
        "constant": true,
        "inputs": [],
        "name": "reserveFactorMantissa",
        "outputs": [
            {
                "internalType": "uint256",
                "name": "",
                "type": "uint256"
            }
        ],
        "payable": false,
        "stateMutability": "view",
        "type": "function",
        "signature": "0x173b9904"
    },
    {
        "constant": false,
        "inputs": [
            {
                "internalType": "address",
                "name": "liquidator",
                "type": "address"
            },
            {
                "internalType": "address",
                "name": "borrower",
                "type": "address"
            },
            {
                "internalType": "uint256",
                "name": "seizeTokens",
                "type": "uint256"
            }
        ],
        "name": "seize",
        "outputs": [
            {
                "internalType": "uint256",
                "name": "",
                "type": "uint256"
            }
        ],
        "payable": false,
        "stateMutability": "nonpayable",
        "type": "function",
        "signature": "0xb2a02ff1"
    },
    {
        "constant": true,
        "inputs": [],
        "name": "supplyRatePerBlock",
        "outputs": [
            {
                "internalType": "uint256",
                "name": "",
                "type": "uint256"
            }
        ],
        "payable": false,
        "stateMutability": "view",
        "type": "function",
        "signature": "0xae9d70b0"
    },
    {
        "constant": true,
        "inputs": [],
        "name": "symbol",
        "outputs": [
            {
                "internalType": "string",
                "name": "",
                "type": "string"
            }
        ],
        "payable": false,
        "stateMutability": "view",
        "type": "function",
        "signature": "0x95d89b41"
    },
    {
        "constant": true,
        "inputs": [],
        "name": "totalBorrows",
        "outputs": [
            {
                "internalType": "uint256",
                "name": "",
                "type": "uint256"
            }
        ],
        "payable": false,
        "stateMutability": "view",
        "type": "function",
        "signature": "0x47bd3718"
    },
    {
        "constant": false,
        "inputs": [],
        "name": "totalBorrowsCurrent",
        "outputs": [
            {
                "internalType": "uint256",
                "name": "",
                "type": "uint256"
            }
        ],
        "payable": false,
        "stateMutability": "nonpayable",
        "type": "function",
        "signature": "0x73acee98"
    },
    {
        "constant": true,
        "inputs": [],
        "name": "totalReserves",
        "outputs": [
            {
                "internalType": "uint256",
                "name": "",
                "type": "uint256"
            }
        ],
        "payable": false,
        "stateMutability": "view",
        "type": "function",
        "signature": "0x8f840ddd"
    },
    {
        "constant": true,
        "inputs": [],
        "name": "totalSupply",
        "outputs": [
            {
                "internalType": "uint256",
                "name": "",
                "type": "uint256"
            }
        ],
        "payable": false,
        "stateMutability": "view",
        "type": "function",
        "signature": "0x18160ddd"
    },
    {
        "constant": false,
        "inputs": [
            {
                "internalType": "address",
                "name": "dst",
                "type": "address"
            },
            {
                "internalType": "uint256",
                "name": "amount",
                "type": "uint256"
            }
        ],
        "name": "transfer",
        "outputs": [
            {
                "internalType": "bool",
                "name": "",
                "type": "bool"
            }
        ],
        "payable": false,
        "stateMutability": "nonpayable",
        "type": "function",
        "signature": "0xa9059cbb"
    },
    {
        "constant": false,
        "inputs": [
            {
                "internalType": "address",
                "name": "src",
                "type": "address"
            },
            {
                "internalType": "address",
                "name": "dst",
                "type": "address"
            },
            {
                "internalType": "uint256",
                "name": "amount",
                "type": "uint256"
            }
        ],
        "name": "transferFrom",
        "outputs": [
            {
                "internalType": "bool",
                "name": "",
                "type": "bool"
            }
        ],
        "payable": false,
        "stateMutability": "nonpayable",
        "type": "function",
        "signature": "0x23b872dd"
    },
    {
        "constant": true,
        "inputs": [],
        "name": "underlying",
        "outputs": [
            {
                "internalType": "address",
                "name": "",
                "type": "address"
            }
        ],
        "payable": false,
        "stateMutability": "view",
        "type": "function",
        "signature": "0x6f307dc3"
    }
]